SAVE,8.89415,310.8972,2023-12-07,Odds of the SAVE case being decided on or before January 19th?,/r/wallstreetbets/comments/18epb7p/odds_of_the_save_case_being_decided_on_or_before/,0.7877000000000001
SAVE,8.89415,310.8972,2023-12-07,SAVE merger question,/r/wallstreetbets/comments/18cl5jf/save_merger_question/,0.772
SAVE,8.89415,310.8972,2023-12-07,SAVE trial bullish quotes from the judge,/r/wallstreetbets/comments/18by8rd/save_trial_bullish_quotes_from_the_judge/,0.89165
SAVE,8.89415,310.8972,2023-12-07,What happens to SAVE if JetBlue merger is blocked by DOJ?,/r/wallstreetbets/comments/18bjkra/what_happens_to_save_if_jetblue_merger_is_blocked/,0.64795
SAVE,8.89415,310.8972,2023-12-07,What are your thoughts on the SpiritJetblue merger court case given the HawaiianAlaska deal?,/r/wallstreetbets/comments/18aq3j1/what_are_your_thoughts_on_the_spiritjetblue/,0.7603
SAVE,8.89415,310.8972,2023-12-07,SAVE put assignment,/r/wallstreetbets/comments/189i3um/save_put_assignment/,-0.5132
SAVE,8.89415,310.8972,2023-12-07,93K SAVE Merger YOLO,/r/wallstreetbets/comments/188h3xv/93k_save_merger_yolo/,0.7761
SAVE,8.89415,310.8972,2023-12-07,SAVE BOX OR BUGATTI,/r/wallstreetbets/comments/186wt0v/save_box_or_bugatti/,0.4939
SAVE,8.89415,310.8972,2023-12-07,SAVE Trial update,/r/wallstreetbets/comments/186jsmd/save_trial_update/,0.79695
SAVE,8.89415,310.8972,2023-12-07,15k Gain so far from SAVE,/r/wallstreetbets/comments/186780a/15k_gain_so_far_from_save/,0.6817
SAVE,8.89415,310.8972,2023-12-07,300k SAVE merger yolo update,/r/wallstreetbets/comments/1866lkr/300k_save_merger_yolo_update/,0.7213
SAVE,8.89415,310.8972,2023-12-07,SAVE popping off (part deux),/r/wallstreetbets/comments/1860ti5/save_popping_off_part_deux/,0.24415
SAVE,8.89415,310.8972,2023-12-07,About the SAVE and JBLU merger,/r/wallstreetbets/comments/183emcn/about_the_save_and_jblu_merger/,0.73875
SAVE,8.89415,310.8972,2023-12-07,SAVE Merger Risks,/r/wallstreetbets/comments/183axyw/save_merger_risks/,0.2975
SAVE,8.89415,310.8972,2023-12-07,SAVE info,/r/wallstreetbets/comments/1814ug9/save_info/,0.7974
NVDA,6.5919,3999.0735499999996,2023-12-07,AMD AI Chip release - Up 6.5 in the last 24hrs. Thoughts?,/r/wallstreetbets/comments/18dolny/amd_ai_chip_release_up_65_in_the_last_24hrs/,0.6767
NVDA,6.5919,3999.0735499999996,2023-12-07,What the fuck is happening to NVDA?,/r/wallstreetbets/comments/18aok8k/what_the_fuck_is_happening_to_nvda/,-0.47209999999999996
NVDA,6.5919,3999.0735499999996,2023-12-07,Why is NVDA plunging while Bitcoin is pumping?,/r/wallstreetbets/comments/18amcz4/why_is_nvda_plunging_while_bitcoin_is_pumping/,-0.22615000000000002
NVDA,6.5919,3999.0735499999996,2023-12-07,Dont be a Chad! Sometimes we have to seek Value! Prospect Capital PSEC insiders buying! CEO used own cash in September owns 73 million share,/r/wallstreetbets/comments/18akdap/dont_be_a_chad_sometimes_we_have_to_seek_value/,0.87495
NVDA,6.5919,3999.0735499999996,2023-12-07,NVDA could drop 10 and still be in a bull run,/r/wallstreetbets/comments/187n5f8/nvda_could_drop_10_and_still_be_in_a_bull_run/,0.172
NVDA,6.5919,3999.0735499999996,2023-12-07,Dividend Stock NVDA,/r/wallstreetbets/comments/187j392/dividend_stock_nvda/,0.9719
NVDA,6.5919,3999.0735499999996,2023-12-07,4000,/r/wallstreetbets/comments/1860ok9/4000/,0.9517
NVDA,6.5919,3999.0735499999996,2023-12-07,ARMAll this stupid talk that Softbank is gonna dump is WRONG. This is softbanks Sees CandiesWarrenBuffetStyle. PT 65-70 coming; why?....,/r/wallstreetbets/comments/185p8ah/armall_this_stupid_talk_that_softbank_is_gonna/,0.06335000000000002
NVDA,6.5919,3999.0735499999996,2023-12-07,Calls on NVDA: Understanding of the market and risk management is more crucial than external regard!,/r/wallstreetbets/comments/185n6i9/calls_on_nvda_understanding_of_the_market_and/,0.636
NVDA,6.5919,3999.0735499999996,2023-12-07,Stock Market Psychology and Nvidia (NVDA) Analysis,/r/wallstreetbets/comments/185brxj/stock_market_psychology_and_nvidia_nvda_analysis/,0.936
NVDA,6.5919,3999.0735499999996,2023-12-07,Cramer Bullish on NVDA. Time to cash out.,/r/wallstreetbets/comments/1859bwk/cramer_bullish_on_nvda_time_to_cash_out/,0.6908
NVDA,6.5919,3999.0735499999996,2023-12-07,Finally broke even YTD,/r/wallstreetbets/comments/1858giq/finally_broke_even_ytd/,0.1518
NVDA,6.5919,3999.0735499999996,2023-12-07,Wall Street is telling you to sell NVDA,/r/wallstreetbets/comments/183voxn/wall_street_is_telling_you_to_sell_nvda/,0.12274999999999997
NVDA,6.5919,3999.0735499999996,2023-12-07,NVDA's circular sales continue: after Coreweave; it's Voltage Park non-profit!,/r/wallstreetbets/comments/182adgi/nvdas_circular_sales_continue_after_coreweave_its/,-0.9148
NVDA,6.5919,3999.0735499999996,2023-12-07,NVDA is cooking their books. And so are others.,/r/wallstreetbets/comments/181snlr/nvda_is_cooking_their_books_and_so_are_others/,-0.922
NVDA,6.5919,3999.0735499999996,2023-12-07,Short SPY and buy RSP,/r/wallstreetbets/comments/181gfuk/short_spy_and_buy_rsp/,0.7255
NVDA,6.5919,3999.0735499999996,2023-12-07,Here are all the NVDA calls expiring on Friday...,/r/wallstreetbets/comments/181ekvy/here_are_all_the_nvda_calls_expiring_on_friday/,0.7184
NVDA,6.5919,3999.0735499999996,2023-12-07,20k gain on short NVDA Strangle for earnings,/r/wallstreetbets/comments/181dtc8/20k_gain_on_short_nvda_strangle_for_earnings/,0.27155
NVDA,6.5919,3999.0735499999996,2023-12-07,Lost most of my savings on NVDA calls,/r/wallstreetbets/comments/181dr9u/lost_most_of_my_savings_on_nvda_calls/,0.74595
NVDA,6.5919,3999.0735499999996,2023-12-07,NVDA Didn't Crush Earnings,/r/wallstreetbets/comments/180zmr2/nvda_didnt_crush_earnings/,0.0854
NVDA,6.5919,3999.0735499999996,2023-12-07,NVDA Earnings Thread,/r/wallstreetbets/comments/180s7ll/nvda_earnings_thread/,0.8885
NVDA,6.5919,3999.0735499999996,2023-12-07,Whos the fucking idiot in this sub that told my dad about margins?,/r/wallstreetbets/comments/180rk6s/whos_the_fucking_idiot_in_this_sub_that_told_my/,-0.5563
META,5.32785,6943.6149000000005,2023-12-08,The guy who went full send on META calls should have,/r/wallstreetbets/comments/18em6qn/the_guy_who_went_full_send_on_meta_calls_should/,0.7184
META,5.32785,6943.6149000000005,2023-12-08,AMD AI Chip release - Up 6.5 in the last 24hrs. Thoughts?,/r/wallstreetbets/comments/18dolny/amd_ai_chip_release_up_65_in_the_last_24hrs/,0.6767
META,5.32785,6943.6149000000005,2023-12-08,UPDATE: META GUY HIS WEEK JUST GETS WORST... GUESS WHAT ELSE RECOVERED?,/r/wallstreetbets/comments/18d5so7/update_meta_guy_his_week_just_gets_worst_guess/,-0.16535
META,5.32785,6943.6149000000005,2023-12-08,Final Update: What happened after YOLOing my life savings.,/r/wallstreetbets/comments/18d2kkv/final_update_what_happened_after_yoloing_my_life/,0.9913
META,5.32785,6943.6149000000005,2023-12-08,New WSB Legend,/r/wallstreetbets/comments/18cyu5h/new_wsb_legend/,0.9824
META,5.32785,6943.6149000000005,2023-12-08,UPDATE: YESTERDAYS META YOLO,/r/wallstreetbets/comments/18chko9/update_yesterdays_meta_yolo/,0.5701499999999999
META,5.32785,6943.6149000000005,2023-12-08,Wait! Another weekend? Another trade opportunity shared by Journalist: PAYPAL,/r/wallstreetbets/comments/189bg0i/wait_another_weekend_another_trade_opportunity/,0.82875
META,5.32785,6943.6149000000005,2023-12-08,Short SPY and buy RSP,/r/wallstreetbets/comments/181gfuk/short_spy_and_buy_rsp/,0.7255
MSFT,4.24275,810.6539,2023-12-07,Trying to recoup my loss: Day 1,/r/wallstreetbets/comments/18dyfb7/trying_to_recoup_my_loss_day_1/,0.2781
MSFT,4.24275,810.6539,2023-12-07,AMD AI Chip release - Up 6.5 in the last 24hrs. Thoughts?,/r/wallstreetbets/comments/18dolny/amd_ai_chip_release_up_65_in_the_last_24hrs/,0.6767
MSFT,4.24275,810.6539,2023-12-07,Arbitraging the AI potential misspriced in some stocks that will become the leaders,/r/wallstreetbets/comments/18cwbiq/arbitraging_the_ai_potential_misspriced_in_some/,0.9931
MSFT,4.24275,810.6539,2023-12-07,Dont be a Chad! Sometimes we have to seek Value! Prospect Capital PSEC insiders buying! CEO used own cash in September owns 73 million share,/r/wallstreetbets/comments/18akdap/dont_be_a_chad_sometimes_we_have_to_seek_value/,0.87495
MSFT,4.24275,810.6539,2023-12-07,Abbvie buying Immunogen. Still 10 away from buy price,/r/wallstreetbets/comments/188mmaw/abbvie_buying_immunogen_still_10_away_from_buy/,0.7932
MSFT,4.24275,810.6539,2023-12-07,443 1 month gain,/r/wallstreetbets/comments/188jwtb/443_1_month_gain/,0.5267
MSFT,4.24275,810.6539,2023-12-07,Who's got the biggest???,/r/wallstreetbets/comments/186vors/whos_got_the_biggest/,-0.2732
MSFT,4.24275,810.6539,2023-12-07,ARMAll this stupid talk that Softbank is gonna dump is WRONG. This is softbanks Sees CandiesWarrenBuffetStyle. PT 65-70 coming; why?....,/r/wallstreetbets/comments/185p8ah/armall_this_stupid_talk_that_softbank_is_gonna/,0.06335000000000002
MSFT,4.24275,810.6539,2023-12-07,MSFT Technical analysis,/r/wallstreetbets/comments/185k5y8/msft_technical_analysis/,0.0
MSFT,4.24275,810.6539,2023-12-07,Sell MSFT,/r/wallstreetbets/comments/1841pr3/sell_msft/,-0.7574000000000001
MSFT,4.24275,810.6539,2023-12-07,Even Bill Gates lacked the diamond  hands Had he hodl MSFT they would be worth 1.25 trillion!,/r/wallstreetbets/comments/1835ume/even_bill_gates_lacked_the_diamond_hands_had_he/,0.5562
MSFT,4.24275,810.6539,2023-12-07,NVDA's circular sales continue: after Coreweave; it's Voltage Park non-profit!,/r/wallstreetbets/comments/182adgi/nvdas_circular_sales_continue_after_coreweave_its/,-0.9148
MSFT,4.24275,810.6539,2023-12-07,Short SPY and buy RSP,/r/wallstreetbets/comments/181gfuk/short_spy_and_buy_rsp/,0.7255
MSFT,4.24275,810.6539,2023-12-07,I'm YOLOing into MSFT. Here's my DD that convinced me,/r/wallstreetbets/comments/180rzxf/im_yoloing_into_msft_heres_my_dd_that_convinced_me/,0.70035
TSLA,3.9722,2096.2521,2023-12-06,Only took me 9 days to lose 290k yoloing on TSLA calls,/r/wallstreetbets/comments/18d6f71/only_took_me_9_days_to_lose_290k_yoloing_on_tsla/,0.5106
TSLA,3.9722,2096.2521,2023-12-06,Danish pension funds (43 billion USD) starts selling TSLA stocks due to labor union dispute,/r/wallstreetbets/comments/18ch3n7/danish_pension_funds_43_billion_usd_starts/,-0.61895
TSLA,3.9722,2096.2521,2023-12-06,Serious question how come EVERYTHING is up at 5;5 interest rates? SP; Nasdaq; OIL; Gold; BTC,/r/wallstreetbets/comments/18c409u/serious_question_how_come_everything_is_up_at_55/,-0.06715000000000002
TSLA,3.9722,2096.2521,2023-12-06,Sold TSLA calls at the peak this morning; 22K. Gains all due to me liking cyber truck videos on YouTube. Getting out of BABA and PLTR soon,/r/wallstreetbets/comments/18bj0mo/sold_tsla_calls_at_the_peak_this_morning_22k/,0.8779
TSLA,3.9722,2096.2521,2023-12-06,Dont be a Chad! Sometimes we have to seek Value! Prospect Capital PSEC insiders buying! CEO used own cash in September owns 73 million share,/r/wallstreetbets/comments/18akdap/dont_be_a_chad_sometimes_we_have_to_seek_value/,0.87495
TSLA,3.9722,2096.2521,2023-12-06,TSLA today,/r/wallstreetbets/comments/186rkan/tsla_today/,-0.6124
TSLA,3.9722,2096.2521,2023-12-06,TSLA Institutional Ownership Over Time.,/r/wallstreetbets/comments/1860496/tsla_institutional_ownership_over_time/,0.0
TSLA,3.9722,2096.2521,2023-12-06,ARMAll this stupid talk that Softbank is gonna dump is WRONG. This is softbanks Sees CandiesWarrenBuffetStyle. PT 65-70 coming; why?....,/r/wallstreetbets/comments/185p8ah/armall_this_stupid_talk_that_softbank_is_gonna/,0.06335000000000002
TSLA,3.9722,2096.2521,2023-12-06,Bought TSLA  PLTR calls on dips again today after I took 40 TSLA call profits last Friday. Anxiety is up; this move is a little more risky,/r/wallstreetbets/comments/185dgxf/bought_tsla_pltr_calls_on_dips_again_today_after/,0.9078
TSLA,3.9722,2096.2521,2023-12-06,Finally broke even YTD,/r/wallstreetbets/comments/1858giq/finally_broke_even_ytd/,0.1518
TSLA,3.9722,2096.2521,2023-12-06,Calls on TSLA; theyre making bus now,/r/wallstreetbets/comments/184ump4/calls_on_tsla_theyre_making_bus_now/,0.7184
TSLA,3.9722,2096.2521,2023-12-06,SpaceX IPO next month? TSLA,/r/wallstreetbets/comments/183x6oi/spacex_ipo_next_month_tsla/,0.4404
TSLA,3.9722,2096.2521,2023-12-06,Short SPY and buy RSP,/r/wallstreetbets/comments/181gfuk/short_spy_and_buy_rsp/,0.7255
AMD,3.68715,-313.38445,2023-12-09,AMD AI Chip release - Up 6.5 in the last 24hrs. Thoughts?,/r/wallstreetbets/comments/18dolny/amd_ai_chip_release_up_65_in_the_last_24hrs/,0.6767
AMD,3.68715,-313.38445,2023-12-09,Did someone say AI? AMD; METAGOOGLE Partnership,/r/wallstreetbets/comments/18d2mxs/did_someone_say_ai_amd_metagoogle_partnership/,0.6705
AMD,3.68715,-313.38445,2023-12-09,Microsoft and Meta buy AMD,/r/wallstreetbets/comments/18cy7gh/microsoft_and_meta_buy_amd/,0.7345
AMD,3.68715,-313.38445,2023-12-09,Arbitraging the AI potential misspriced in some stocks that will become the leaders,/r/wallstreetbets/comments/18cwbiq/arbitraging_the_ai_potential_misspriced_in_some/,0.9931
AMD,3.68715,-313.38445,2023-12-09,Dont be a Chad! Sometimes we have to seek Value! Prospect Capital PSEC insiders buying! CEO used own cash in September owns 73 million share,/r/wallstreetbets/comments/18akdap/dont_be_a_chad_sometimes_we_have_to_seek_value/,0.87495
AMD,3.68715,-313.38445,2023-12-09,Charlie Munger has been brought back to life.,/r/wallstreetbets/comments/186hsf1/charlie_munger_has_been_brought_back_to_life/,0.6159
AMD,3.68715,-313.38445,2023-12-09,Puts on AMD.,/r/wallstreetbets/comments/185zhf1/puts_on_amd/,-0.7184
AMD,3.68715,-313.38445,2023-12-09,ARMAll this stupid talk that Softbank is gonna dump is WRONG. This is softbanks Sees CandiesWarrenBuffetStyle. PT 65-70 coming; why?....,/r/wallstreetbets/comments/185p8ah/armall_this_stupid_talk_that_softbank_is_gonna/,0.06335000000000002
AMD,3.68715,-313.38445,2023-12-09,Wall Street is telling you to sell NVDA,/r/wallstreetbets/comments/183voxn/wall_street_is_telling_you_to_sell_nvda/,0.12274999999999997
AMD,3.68715,-313.38445,2023-12-09,"interviewer: ""do you speak English?"" to AMD CEO Lisa Su",/r/wallstreetbets/comments/1810rmj/interviewer_do_you_speak_english_to_amd_ceo_lisa/,-0.4316
AMD,3.68715,-313.38445,2023-12-09,NVDA Didn't Crush Earnings,/r/wallstreetbets/comments/180zmr2/nvda_didnt_crush_earnings/,0.0854
UPST,3.5705,136.1337,2023-12-06,UPST - are we looking at the making of a short squeeze?,/r/wallstreetbets/comments/18eilgq/upst_are_we_looking_at_the_making_of_a_short/,0.3544
UPST,3.5705,136.1337,2023-12-06,AI would work great on rates inference since it has a perfect data environment UPST,/r/wallstreetbets/comments/18e2v37/ai_would_work_great_on_rates_inference_since_it/,0.8316
UPST,3.5705,136.1337,2023-12-06,All in UPST,/r/wallstreetbets/comments/18e0tpu/all_in_upst/,0.7184
UPST,3.5705,136.1337,2023-12-06,I gave you UPST yesterday .up over 20 today !! So hear me out on this next play .short CAVA and heres why,/r/wallstreetbets/comments/188qi3e/i_gave_you_upst_yesterday_up_over_20_today_so/,0.3488
UPST,3.5705,136.1337,2023-12-06,I like the stock UPST,/r/wallstreetbets/comments/188p9ae/i_like_the_stock_upst/,0.3612
UPST,3.5705,136.1337,2023-12-06,Whos ready for UPST to the moon round 2??? Huge increase in call buying today and not to mention someone bought 500k near close,/r/wallstreetbets/comments/187twgy/whos_ready_for_upst_to_the_moon_round_2_huge/,0.9561
AMZN,3.41865,179.9385,2023-12-09,Arbitraging the AI potential misspriced in some stocks that will become the leaders,/r/wallstreetbets/comments/18cwbiq/arbitraging_the_ai_potential_misspriced_in_some/,0.9931
AMZN,3.41865,179.9385,2023-12-09,Amazon Balancing On The Edge - Will It Lead Anywhere?,/r/wallstreetbets/comments/187lesu/amazon_balancing_on_the_edge_will_it_lead_anywhere/,0.22115
AMZN,3.41865,179.9385,2023-12-09,Amazon announces new AI chip as it deepens Nvidia relationship,/r/wallstreetbets/comments/18629bh/amazon_announces_new_ai_chip_as_it_deepens_nvidia/,0.57685
AMZN,3.41865,179.9385,2023-12-09,ARMAll this stupid talk that Softbank is gonna dump is WRONG. This is softbanks Sees CandiesWarrenBuffetStyle. PT 65-70 coming; why?....,/r/wallstreetbets/comments/185p8ah/armall_this_stupid_talk_that_softbank_is_gonna/,0.06335000000000002
AMZN,3.41865,179.9385,2023-12-09,Short SPY and buy RSP,/r/wallstreetbets/comments/181gfuk/short_spy_and_buy_rsp/,0.7255
AMZN,3.41865,179.9385,2023-12-09,Amazon (AMZN) founder Jeff Bezos is expected to offload more of his shares - (8 to 10 million shares),/r/wallstreetbets/comments/180tor0/amazon_amzn_founder_jeff_bezos_is_expected_to/,0.8387
SP,2.87405,266.19620000000003,2023-12-07,When are the benefits of AI coming to life to consumers?,/r/wallstreetbets/comments/18exhpj/when_are_the_benefits_of_ai_coming_to_life_to/,0.65645
SP,2.87405,266.19620000000003,2023-12-07,10K to 100K and then blew it all on a single trade twice in two months. Postmortem; next steps; and bonus photo from when I met JPow below,/r/wallstreetbets/comments/18eo4rr/10k_to_100k_and_then_blew_it_all_on_a_single/,0.7682
SP,2.87405,266.19620000000003,2023-12-07,"Okay wtf is this. I use Stocktwits to track market sentiment. but everytime I search ""SPX"" I get results for ""SPX6900"". Some crypto scam?",/r/wallstreetbets/comments/18ekoiz/okay_wtf_is_this_i_use_stocktwits_to_track_market/,-0.8023
SP,2.87405,266.19620000000003,2023-12-07,4 Things That Could Cause Stocks to Plunge,/r/wallstreetbets/comments/18e3lhy/4_things_that_could_cause_stocks_to_plunge/,-0.9557
SP,2.87405,266.19620000000003,2023-12-07,Mag7 contributed around 84 of the SP 500's growth (5x that of the other 493 co's) in the year till Nov. 16th. Then 'Rotation' time!,/r/wallstreetbets/comments/18cxdz9/mag7_contributed_around_84_of_the_sp_500s_growth/,0.4389
SP,2.87405,266.19620000000003,2023-12-07,Serious question how come EVERYTHING is up at 5;5 interest rates? SP; Nasdaq; OIL; Gold; BTC,/r/wallstreetbets/comments/18c409u/serious_question_how_come_everything_is_up_at_55/,-0.06715000000000002
SP,2.87405,266.19620000000003,2023-12-07,As SP 500 reaching local high; its 6m ATM put options are on 3-year low and cost 3. Shorting the index is relatively cheap now.,/r/wallstreetbets/comments/18c2xv2/as_sp_500_reaching_local_high_its_6m_atm_put/,-0.743
SP,2.87405,266.19620000000003,2023-12-07,'Is this a stock market; or a casino? New 4X leverage SP 500 ETN met with caution,/r/wallstreetbets/comments/18bj551/is_this_a_stock_market_or_a_casino_new_4x/,0.2263
SP,2.87405,266.19620000000003,2023-12-07,First Quadruple Leveraged SP 500 ETN Proposed,/r/wallstreetbets/comments/18bft3g/first_quadruple_leveraged_sp_500_etn_proposed/,0.0
SP,2.87405,266.19620000000003,2023-12-07,85 of stocks from SP 500 are above their 50-day moving average. Previously this pattern was often followed by market decline short-term.,/r/wallstreetbets/comments/18bb2vf/85_of_stocks_from_sp_500_are_above_their_50day/,0.0
SP,2.87405,266.19620000000003,2023-12-07,JPMorgans top chartist says the SP 500 to tumble all the way back to 3;500,/r/wallstreetbets/comments/18b3kuj/jpmorgans_top_chartist_says_the_sp_500_to_tumble/,-0.3604
SP,2.87405,266.19620000000003,2023-12-07,Analysts who correctly predicted 2023 rally give their SP 500 forecast for next year By Investing.com,/r/wallstreetbets/comments/18ak5kg/analysts_who_correctly_predicted_2023_rally_give/,0.0
SP,2.87405,266.19620000000003,2023-12-07,Current SP 500 valuation is not leaving 'any margin for error' - JPMorgan By Investing.com,/r/wallstreetbets/comments/18ajtfr/current_sp_500_valuation_is_not_leaving_any/,-0.4019
SP,2.87405,266.19620000000003,2023-12-07,Dollar General is not a good company,/r/wallstreetbets/comments/189m2nu/dollar_general_is_not_a_good_company/,-0.65635
SP,2.87405,266.19620000000003,2023-12-07,I figured out the stock market?,/r/wallstreetbets/comments/188pakc/i_figured_out_the_stock_market/,0.9949
SP,2.87405,266.19620000000003,2023-12-07,Bank of America's indicator sees SP 500 rallying to 5300 by the end of 2024 By Investing.com,/r/wallstreetbets/comments/188aw5l/bank_of_americas_indicator_sees_sp_500_rallying/,0.0
SP,2.87405,266.19620000000003,2023-12-07,The latest trends of November 2023 - By Chat GPT4,/r/wallstreetbets/comments/187njkm/the_latest_trends_of_november_2023_by_chat_gpt4/,0.9836
SP,2.87405,266.19620000000003,2023-12-07,JPMorgan sees 8 downside risk for SP 500 next year By Investing.com,/r/wallstreetbets/comments/187gp2h/jpmorgan_sees_8_downside_risk_for_sp_500_next/,-0.4767
SP,2.87405,266.19620000000003,2023-12-07,Inverse Jim Cramer ETF vs SP 500,/r/wallstreetbets/comments/187612o/inverse_jim_cramer_etf_vs_sp_500/,0.0
SP,2.87405,266.19620000000003,2023-12-07,SPY and SPUS Comparison,/r/wallstreetbets/comments/1860dni/spy_and_spus_comparison/,0.6808
SP,2.87405,266.19620000000003,2023-12-07,Wanting to invest in SP 500,/r/wallstreetbets/comments/185p7gm/wanting_to_invest_in_sp_500/,0.8126
SP,2.87405,266.19620000000003,2023-12-07,Shorting select Argentinian companies,/r/wallstreetbets/comments/185f4oj/shorting_select_argentinian_companies/,-0.9511
SP,2.87405,266.19620000000003,2023-12-07,Deutsche Bank expects SP 500 to end 2024 at 5100; new Street high By Investing.com,/r/wallstreetbets/comments/18534fk/deutsche_bank_expects_sp_500_to_end_2024_at_5100/,0.0
SP,2.87405,266.19620000000003,2023-12-07,METlife has a lot of room to grow,/r/wallstreetbets/comments/184pbek/metlife_has_a_lot_of_room_to_grow/,0.9538
SP,2.87405,266.19620000000003,2023-12-07,Cramer broadly agrees with Bank of Americas bullish analysis; says next year could bring gains for the SP 500,/r/wallstreetbets/comments/181pjgg/cramer_broadly_agrees_with_bank_of_americas/,0.836
SP,2.87405,266.19620000000003,2023-12-07,Nobody talking about the Federal Open Market Committee's discussion,/r/wallstreetbets/comments/1813ii3/nobody_talking_about_the_federal_open_market/,0.9371
RIVN,2.1965500000000002,40.7616,2023-12-07,Down 5k all time to up 500 (5500) gain,/r/wallstreetbets/comments/188jj77/down_5k_all_time_to_up_500_5500_gain/,0.53065
RIVN,2.1965500000000002,40.7616,2023-12-07,Yall sleeping on RIVN to the MOON,/r/wallstreetbets/comments/185q6e0/yall_sleeping_on_rivn_to_the_moon/,0.86955
RIVN,2.1965500000000002,40.7616,2023-12-07,RIVN calls?,/r/wallstreetbets/comments/183wom1/rivn_calls/,0.79635
PLTR,2.12785,228.20809999999997,2023-12-07,Palantir (PLTR) down nearly 20 since large insider selling disclosures...,/r/wallstreetbets/comments/18czn4s/palantir_pltr_down_nearly_20_since_large_insider/,0.4574
PLTR,2.12785,228.20809999999997,2023-12-07,Bought COIN puts yesterday and sold them just now; 25K. And wish I had gotten out of BABA and PLTR yesterday but Im bad at cutting losses,/r/wallstreetbets/comments/18cdbhf/bought_coin_puts_yesterday_and_sold_them_just_now/,-0.9042
PLTR,2.12785,228.20809999999997,2023-12-07,PLTR Military use,/r/wallstreetbets/comments/18c0yll/pltr_military_use/,-0.8148
PLTR,2.12785,228.20809999999997,2023-12-07,Sold TSLA calls at the peak this morning; 22K. Gains all due to me liking cyber truck videos on YouTube. Getting out of BABA and PLTR soon,/r/wallstreetbets/comments/18bj0mo/sold_tsla_calls_at_the_peak_this_morning_22k/,0.8779
PLTR,2.12785,228.20809999999997,2023-12-07,PLTR,/r/wallstreetbets/comments/18baclq/pltr/,-0.4008
PLTR,2.12785,228.20809999999997,2023-12-07,Dont be a Chad! Sometimes we have to seek Value! Prospect Capital PSEC insiders buying! CEO used own cash in September owns 73 million share,/r/wallstreetbets/comments/18akdap/dont_be_a_chad_sometimes_we_have_to_seek_value/,0.87495
PLTR,2.12785,228.20809999999997,2023-12-07,Early Morning Call On Defense Stocks As Warships Attacked In Middle East - PLTR (Palantir) - LHX - NOC - HWM - RTX,/r/wallstreetbets/comments/18aazrj/early_morning_call_on_defense_stocks_as_warships/,0.2616
PLTR,2.12785,228.20809999999997,2023-12-07,Bought TSLA  PLTR calls on dips again today after I took 40 TSLA call profits last Friday. Anxiety is up; this move is a little more risky,/r/wallstreetbets/comments/185dgxf/bought_tsla_pltr_calls_on_dips_again_today_after/,0.9078
PLTR,2.12785,228.20809999999997,2023-12-07,Palantir PLTR Large Insider Selling (CFO; CAO; CLO),/r/wallstreetbets/comments/184h71t/palantir_pltr_large_insider_selling_cfo_cao_clo/,0.868
GOOS,1.973,56.44720000000001,2023-12-08,GOOS Parkas trending highest since 2019 (pre-covid).,/r/wallstreetbets/comments/18c8u64/goos_parkas_trending_highest_since_2019_precovid/,0.0
GOOS,1.973,56.44720000000001,2023-12-08,GOOS Eliminated 3.2 of its free float in November; almost 20 more to go,/r/wallstreetbets/comments/18c4wvw/goos_eliminated_32_of_its_free_float_in_november/,0.5106
GOOS,1.973,56.44720000000001,2023-12-08,Duck; duck; GOOS! YOLO - Added more,/r/wallstreetbets/comments/188dw84/duck_duck_goos_yolo_added_more/,0.481
GOOS,1.973,56.44720000000001,2023-12-08,Duck; duck; GOOS!,/r/wallstreetbets/comments/1881ma6/duck_duck_goos/,0.9814
TTWO,1.8930500000000001,-4.931,2023-12-06,Ok; the loss of TTWO was expected; but why CRSP. I slept in and it's all gone.,/r/wallstreetbets/comments/18dzov9/ok_the_loss_of_ttwo_was_expected_but_why_crsp_i/,-0.4854
TTWO,1.8930500000000001,-4.931,2023-12-06,People bought TTWO cuz trailers; Warner discovery stock anyone? WBD in time for Dragon and gold eggs?,/r/wallstreetbets/comments/18cggqg/people_bought_ttwo_cuz_trailers_warner_discovery/,0.8944
TTWO,1.8930500000000001,-4.931,2023-12-06,Holding Take Two Interactive Software Inc (TTWO) stock until 2025,/r/wallstreetbets/comments/18c6yl4/holding_take_two_interactive_software_inc_ttwo/,-0.1406
TTWO,1.8930500000000001,-4.931,2023-12-06,TTWO WILL 5X NEXT YEAR; All i got is in it,/r/wallstreetbets/comments/18bh905/ttwo_will_5x_next_year_all_i_got_is_in_it/,0.0
TTWO,1.8930500000000001,-4.931,2023-12-06,Why did TTWO fell down today after GTA 6's trailer release?,/r/wallstreetbets/comments/18b9o2t/why_did_ttwo_fell_down_today_after_gta_6s_trailer/,0.7937
TTWO,1.8930500000000001,-4.931,2023-12-06,Why TTWO is extremely undervalued and poised to grow massively very soon,/r/wallstreetbets/comments/188uj26/why_ttwo_is_extremely_undervalued_and_poised_to/,0.8309500000000001
TTWO,1.8930500000000001,-4.931,2023-12-06,TTWO,/r/wallstreetbets/comments/188cvmm/ttwo/,0.0
SNOW,1.85215,36.5728,2023-12-07,Why SNOW puts will be an easy win,/r/wallstreetbets/comments/186u36f/why_snow_puts_will_be_an_easy_win/,0.5876
SNOW,1.85215,36.5728,2023-12-07,CRWD Earnings Alert: Everything you need to know,/r/wallstreetbets/comments/1865z5q/crwd_earnings_alert_everything_you_need_to_know/,0.6478
SNOW,1.85215,36.5728,2023-12-07,SNOW Yes; No; or Pass.,/r/wallstreetbets/comments/183yer6/snow_yes_no_or_pass/,0.61675
LULU,1.842,52.1207,2023-12-08,Retail investors piling into LULU,/r/wallstreetbets/comments/18eke5l/retail_investors_piling_into_lulu/,0.0
LULU,1.842,52.1207,2023-12-08,More gains YTD. 140K to go.,/r/wallstreetbets/comments/18dtztk/more_gains_ytd_140k_to_go/,0.28300000000000003
LULU,1.842,52.1207,2023-12-08,LULU,/r/wallstreetbets/comments/18bcf2z/lulu/,0.6111
LULU,1.842,52.1207,2023-12-08,The New Bill Market will be spearheaded by Old Fashioned Brick and Motars!!!,/r/wallstreetbets/comments/184lqep/the_new_bill_market_will_be_spearheaded_by_old/,0.9479
JBLU,1.83365,63.8368,2023-12-08,About the SAVE and JBLU merger,/r/wallstreetbets/comments/183emcn/about_the_save_and_jblu_merger/,0.73875
JBLU,1.83365,63.8368,2023-12-08,SAVE Merger Risks,/r/wallstreetbets/comments/183axyw/save_merger_risks/,0.2975
JBLU,1.83365,63.8368,2023-12-08,SAVE info,/r/wallstreetbets/comments/1814ug9/save_info/,0.7974
DELL,1.8098,42.552400000000006,2023-12-08,What's the verdict on DELL's earnings tonight guys?,/r/wallstreetbets/comments/187nl2x/whats_the_verdict_on_dells_earnings_tonight_guys/,0.5744
DELL,1.8098,42.552400000000006,2023-12-08,Why SNOW puts will be an easy win,/r/wallstreetbets/comments/186u36f/why_snow_puts_will_be_an_easy_win/,0.5876
DELL,1.8098,42.552400000000006,2023-12-08,CRWD Earnings Alert: Everything you need to know,/r/wallstreetbets/comments/1865z5q/crwd_earnings_alert_everything_you_need_to_know/,0.6478
COIN,1.70965,-3.585550000000005,2023-12-09,2024 is the year COIN leaps print,/r/wallstreetbets/comments/18dwrj3/2024_is_the_year_coin_leaps_print/,0.11035
COIN,1.70965,-3.585550000000005,2023-12-09,Bought COIN puts yesterday and sold them just now; 25K. And wish I had gotten out of BABA and PLTR yesterday but Im bad at cutting losses,/r/wallstreetbets/comments/18cdbhf/bought_coin_puts_yesterday_and_sold_them_just_now/,-0.9042
COIN,1.70965,-3.585550000000005,2023-12-09,Why I'm Long on SYM,/r/wallstreetbets/comments/18616fp/why_im_long_on_sym/,0.72645
COIN,1.70965,-3.585550000000005,2023-12-09,The Coinbase optionality - The January 2024 All In Bet,/r/wallstreetbets/comments/183kfxh/the_coinbase_optionality_the_january_2024_all_in/,0.994
COIN,1.70965,-3.585550000000005,2023-12-09,Binance Directly Manipulated Asset PricesVolume Via Wash Sales Through Its Subsidiaries,/r/wallstreetbets/comments/181zl1g/binance_directly_manipulated_asset_pricesvolume/,-0.04295
COIN,1.70965,-3.585550000000005,2023-12-09,Soooo; calls on Coinbase?,/r/wallstreetbets/comments/180w7n2/soooo_calls_on_coinbase/,0.8260000000000001
AAPL,1.70275,30.5043,2023-12-10,Apple's head of iphone and Apple watch design leaving the company AAPL,/r/wallstreetbets/comments/18ecxrr/apples_head_of_iphone_and_apple_watch_design/,0.0
AAPL,1.70275,30.5043,2023-12-10,Dont be a Chad! Sometimes we have to seek Value! Prospect Capital PSEC insiders buying! CEO used own cash in September owns 73 million share,/r/wallstreetbets/comments/18akdap/dont_be_a_chad_sometimes_we_have_to_seek_value/,0.87495
AAPL,1.70275,30.5043,2023-12-10,Paramount and Apple teaming Up?,/r/wallstreetbets/comments/188bdh8/paramount_and_apple_teaming_up/,0.3755
AAPL,1.70275,30.5043,2023-12-10,Who's got the biggest???,/r/wallstreetbets/comments/186vors/whos_got_the_biggest/,-0.2732
AAPL,1.70275,30.5043,2023-12-10,Short SPY and buy RSP,/r/wallstreetbets/comments/181gfuk/short_spy_and_buy_rsp/,0.7255
CD,1.59395,7.07405,2023-12-09,Are Target Maturity Bond ETF's a Smart Investment Strategy?,/r/wallstreetbets/comments/1869f1i/are_target_maturity_bond_etfs_a_smart_investment/,0.6806
CD,1.59395,7.07405,2023-12-09,Bullish on CD Projekt RED (OTGLY) ahead of 11.28 earnings. (Long post),/r/wallstreetbets/comments/184kgfn/bullish_on_cd_projekt_red_otgly_ahead_of_1128/,0.91335
PCG,1.5897000000000001,9.8415,2023-12-07,I was right... kinda. PCG did reinstate a dividend. But calls are not on the menu :(,/r/wallstreetbets/comments/185yflb/i_was_right_kinda_pcg_did_reinstate_a_dividend/,0.631
PCG,1.5897000000000001,9.8415,2023-12-07,PCG - The Hindenburg of Power Companies... is it about to reinstate the dividend?,/r/wallstreetbets/comments/185df2c/pcg_the_hindenburg_of_power_companies_is_it_about/,0.9587
GEO,1.55275,34.9034,2023-12-08,GEO  Deep Value. Trades at 10; but worth 20-25 based on EBITDA and 40 based on Replacement Cost. (Bonus: Short squeeze potential).,/r/wallstreetbets/comments/18aqh9t/geo_deep_value_trades_at_10_but_worth_2025_based/,0.94035
GEO,1.55275,34.9034,2023-12-08,GEO is a significantly undervalued stock; and now its looking to make a comeback.,/r/wallstreetbets/comments/1881xcd/geo_is_a_significantly_undervalued_stock_and_now/,0.6124
PL,1.5399,181.722,2023-12-07,A War Has Broken Out and We Can Now Spectate  Profit Upon The Splendor of What Happens When Very Rich People Fuck With Each Other,/r/wallstreetbets/comments/188u1k7/a_war_has_broken_out_and_we_can_now_spectate/,0.5036
PL,1.5399,181.722,2023-12-07,20k gain. Haven't sold the rest in my other brokerages yet,/r/wallstreetbets/comments/186qxzo/20k_gain_havent_sold_the_rest_in_my_other/,0.12294999999999998
PL,1.5399,181.722,2023-12-07,Bullish on CD Projekt RED (OTGLY) ahead of 11.28 earnings. (Long post),/r/wallstreetbets/comments/184kgfn/bullish_on_cd_projekt_red_otgly_ahead_of_1128/,0.91335
BYND,1.536,8.9738,2023-12-09,YOLO and Diamond Hands: Why BYND is a Weakend Shitpost,/r/wallstreetbets/comments/18eig6u/yolo_and_diamond_hands_why_bynd_is_a_weakend/,0.8158000000000001
BYND,1.536,8.9738,2023-12-09,BYND 2020 vs 2023,/r/wallstreetbets/comments/18dvygp/bynd_2020_vs_2023/,0.0
BYND,1.536,8.9738,2023-12-09,BYND - Up on no news. Short squeeze starting?,/r/wallstreetbets/comments/18c8zhf/bynd_up_on_no_news_short_squeeze_starting/,0.7202
CAR,1.4761,8.13975,2023-12-09,CAR - Special 10 dividend per share,/r/wallstreetbets/comments/18dpjbo/car_special_10_dividend_per_share/,0.71685
CAR,1.4761,8.13975,2023-12-09,SPECIAL DATES IN MEDICAL HISTORY NEXT MONTH FDA DECISIONS Dec 8th 2023 FOR CRSP  Dec 20th 2023 FOR BLUE-Aprvd in UK Last Week.,/r/wallstreetbets/comments/185nelh/special_dates_in_medical_history_next_month_fda/,0.75925
UI,1.3821,0.35240000000000005,2023-12-06,Where are you getting your news?,/r/wallstreetbets/comments/185zinc/where_are_you_getting_your_news/,-0.4062
UI,1.3821,0.35240000000000005,2023-12-06,Broker Decision Paralysis...Webull; Schwab (Thinkorswim); or Interactive Broker (Lite),/r/wallstreetbets/comments/185cydn/broker_decision_paralysiswebull_schwab/,0.9886
UI,1.3821,0.35240000000000005,2023-12-06,HOOD is criminally undervalued,/r/wallstreetbets/comments/180uano/hood_is_criminally_undervalued/,0.7997000000000001
NIO,1.38015,10.9136,2023-12-07,Why NIO Inc is Undervalued,/r/wallstreetbets/comments/18difix/why_nio_inc_is_undervalued/,0.80575
NIO,1.38015,10.9136,2023-12-07,What's the verdict on DELL's earnings tonight guys?,/r/wallstreetbets/comments/187nl2x/whats_the_verdict_on_dells_earnings_tonight_guys/,0.5744
PB,1.3761999999999999,32.3914,2023-12-07,ARM - Capitalize off the Rug Pull,/r/wallstreetbets/comments/18epnv1/arm_capitalize_off_the_rug_pull/,0.9977
PB,1.3761999999999999,32.3914,2023-12-07,Did Warren Buffett make a mistake? BUY DHI PUTS.,/r/wallstreetbets/comments/18cz9ap/did_warren_buffett_make_a_mistake_buy_dhi_puts/,-0.5934
PB,1.3761999999999999,32.3914,2023-12-07,Dividend Stock NVDA,/r/wallstreetbets/comments/187j392/dividend_stock_nvda/,0.9719
GOOG,1.3504,19.8536,2023-12-08,GOOG Releases Gemini as Answer to GPT 4 - Will this Shift the AI Race?,/r/wallstreetbets/comments/18c6w9z/goog_releases_gemini_as_answer_to_gpt_4_will_this/,0.6249
GOOG,1.3504,19.8536,2023-12-08,Short SPY and buy RSP,/r/wallstreetbets/comments/181gfuk/short_spy_and_buy_rsp/,0.7255
MARA,1.3415,26.1931,2023-12-08,I love ya; 2 MARA positions,/r/wallstreetbets/comments/18e39nc/i_love_ya_2_mara_positions/,0.6369
MARA,1.3415,26.1931,2023-12-08,YOLOd life savings in Roth IRA into MARA calls,/r/wallstreetbets/comments/18dilqk/yolod_life_savings_in_roth_ira_into_mara_calls/,0.7046
ML,1.28795,50.793800000000005,2023-12-07,Why SNOW puts will be an easy win,/r/wallstreetbets/comments/186u36f/why_snow_puts_will_be_an_easy_win/,0.5876
ML,1.28795,50.793800000000005,2023-12-07,I'm YOLOing into MSFT. Here's my DD that convinced me,/r/wallstreetbets/comments/180rzxf/im_yoloing_into_msft_heres_my_dd_that_convinced_me/,0.70035
GM,1.24315,3703.4556499999994,2023-12-08,GM buying back 14 of the stock of the entire company,/r/wallstreetbets/comments/186q49z/gm_buying_back_14_of_the_stock_of_the_entire/,0.6305
GM,1.24315,3703.4556499999994,2023-12-08,GM,/r/wallstreetbets/comments/186pgy5/gm/,0.0
GM,1.24315,3703.4556499999994,2023-12-08,Fisker is worth more than 2 months of deliveries.,/r/wallstreetbets/comments/186cibo/fisker_is_worth_more_than_2_months_of_deliveries/,0.61265
OKTA,1.2354,31.638800000000003,2023-12-07,Why SNOW puts will be an easy win,/r/wallstreetbets/comments/186u36f/why_snow_puts_will_be_an_easy_win/,0.5876
OKTA,1.2354,31.638800000000003,2023-12-07,CRWD Earnings Alert: Everything you need to know,/r/wallstreetbets/comments/1865z5q/crwd_earnings_alert_everything_you_need_to_know/,0.6478
CRWD,1.2354,31.638800000000003,2023-12-08,Why SNOW puts will be an easy win,/r/wallstreetbets/comments/186u36f/why_snow_puts_will_be_an_easy_win/,0.5876
CRWD,1.2354,31.638800000000003,2023-12-08,CRWD Earnings Alert: Everything you need to know,/r/wallstreetbets/comments/1865z5q/crwd_earnings_alert_everything_you_need_to_know/,0.6478
ESTC,1.2308999999999999,18.096899999999998,2023-12-08,ESTC GAIN,/r/wallstreetbets/comments/188pk11/estc_gain/,0.5267
ESTC,1.2308999999999999,18.096899999999998,2023-12-08,Anybody else buy ESTC pre-earnings today?,/r/wallstreetbets/comments/187y5a2/anybody_else_buy_estc_preearnings_today/,0.7041999999999999
PFE,1.2217500000000001,11.24985,2023-12-07,Finviz PFE,/r/wallstreetbets/comments/187lsrz/finviz_pfe/,0.8992
PFE,1.2217500000000001,11.24985,2023-12-07,PFE Pfeizer 5.5 Yield with January Effect and Weight loss pill testing,/r/wallstreetbets/comments/18782y8/pfe_pfeizer_55_yield_with_january_effect_and/,0.32255
SOFI,1.2187000000000001,75.8873,2023-12-07,SOFI - Holding strong into Q4 earnings Jan 30th!! 1st GAAP Profitable Quarter coming!,/r/wallstreetbets/comments/18bqyzs/sofi_holding_strong_into_q4_earnings_jan_30th_1st/,0.795
SOFI,1.2187000000000001,75.8873,2023-12-07,Cathie Woods buys 252;421 shares of SOFI for ARKF,/r/wallstreetbets/comments/185mn8s/cathie_woods_buys_252421_shares_of_sofi_for_arkf/,0.42369999999999997
CRSP,1.15825,10.799700000000001,2023-12-08,Ok; the loss of TTWO was expected; but why CRSP. I slept in and it's all gone.,/r/wallstreetbets/comments/18dzov9/ok_the_loss_of_ttwo_was_expected_but_why_crsp_i/,-0.4854
CRSP,1.15825,10.799700000000001,2023-12-08,Crisper,/r/wallstreetbets/comments/188rbj8/crisper/,0.8844
CRSP,1.15825,10.799700000000001,2023-12-08,SPECIAL DATES IN MEDICAL HISTORY NEXT MONTH FDA DECISIONS Dec 8th 2023 FOR CRSP  Dec 20th 2023 FOR BLUE-Aprvd in UK Last Week.,/r/wallstreetbets/comments/185nelh/special_dates_in_medical_history_next_month_fda/,0.75925
FSR,1.11625,198.35705000000002,2023-12-08,A War Has Broken Out and We Can Now Spectate  Profit Upon The Splendor of What Happens When Very Rich People Fuck With Each Other,/r/wallstreetbets/comments/188u1k7/a_war_has_broken_out_and_we_can_now_spectate/,0.5036
FSR,1.11625,198.35705000000002,2023-12-08,Fisker is worth more than 2 months of deliveries.,/r/wallstreetbets/comments/186cibo/fisker_is_worth_more_than_2_months_of_deliveries/,0.61265
DTE,1.10375,2680.3877,2023-12-08,Lost all my gains from 0 DTE on 0 DTE,/r/wallstreetbets/comments/186pv0c/lost_all_my_gains_from_0_dte_on_0_dte/,0.4072
DTE,1.10375,2680.3877,2023-12-08,24 profit; Day 1 of 30 - 1k to 1M challenge,/r/wallstreetbets/comments/1858h09/24_profit_day_1_of_30_1k_to_1m_challenge/,0.69655
CLSK,1.06395,3601.2327999999998,2023-12-09,Told you Regards To Buy CLSK,/r/wallstreetbets/comments/188t8p4/told_you_regards_to_buy_clsk/,0.11225000000000002
CLSK,1.06395,3601.2327999999998,2023-12-09,4000,/r/wallstreetbets/comments/1860ok9/4000/,0.9517
VZ,0.9991,17.9838,2023-12-06,VZ Stock Analysis,/r/wallstreetbets/comments/18a89la/vz_stock_analysis/,0.9991
RF,0.9973,1.9946,2023-12-07,AmpliTech Group; Inc. Discusses 2023 Revenue Projections and 2024 Technology Applications with The Stock Day Podcast,/r/wallstreetbets/comments/18603j6/amplitech_group_inc_discusses_2023_revenue/,0.9973
AZ,0.9973,1.9946,2023-12-09,AmpliTech Group; Inc. Discusses 2023 Revenue Projections and 2024 Technology Applications with The Stock Day Podcast,/r/wallstreetbets/comments/18603j6/amplitech_group_inc_discusses_2023_revenue/,0.9973
AMPG,0.9973,1.9946,2023-12-09,AmpliTech Group; Inc. Discusses 2023 Revenue Projections and 2024 Technology Applications with The Stock Day Podcast,/r/wallstreetbets/comments/18603j6/amplitech_group_inc_discusses_2023_revenue/,0.9973
HCA,0.9928,0.9928,2023-12-08,Augmedix - Medical AI,/r/wallstreetbets/comments/18ei2y2/augmedix_medical_ai/,0.9928
MESA,0.9923,8.9307,2023-12-08,MESA,/r/wallstreetbets/comments/18c7ufw/mesa/,0.9923
ACT,0.9913,2737.9706,2023-12-09,Final Update: What happened after YOLOing my life savings.,/r/wallstreetbets/comments/18d2kkv/final_update_what_happened_after_yoloing_my_life/,0.9913
GME,0.9913,2737.9706,2023-12-08,Final Update: What happened after YOLOing my life savings.,/r/wallstreetbets/comments/18d2kkv/final_update_what_happened_after_yoloing_my_life/,0.9913
HT,0.9786,0.0,2023-12-08,Newron is Karunas biggest rival,/r/wallstreetbets/comments/187bs6q/newron_is_karunas_biggest_rival/,0.9786
IP,0.9767,6.39345,2023-12-08,ARMAll this stupid talk that Softbank is gonna dump is WRONG. This is softbanks Sees CandiesWarrenBuffetStyle. PT 65-70 coming; why?....,/r/wallstreetbets/comments/185p8ah/armall_this_stupid_talk_that_softbank_is_gonna/,0.06335000000000002
IP,0.9767,6.39345,2023-12-08,Bullish on CD Projekt RED (OTGLY) ahead of 11.28 earnings. (Long post),/r/wallstreetbets/comments/184kgfn/bullish_on_cd_projekt_red_otgly_ahead_of_1128/,0.91335
ETWO,0.9648,0.9648,2023-12-08,why e2open is a takeover target hidden in plain sight. elliott and SaaS,/r/wallstreetbets/comments/1864zud/why_e2open_is_a_takeover_target_hidden_in_plain/,0.9648
LUV,0.9645,7.716,2023-12-08,LUV,/r/wallstreetbets/comments/18d2h8g/luv/,0.9645
GRC,0.9587,4.7935,2023-12-08,PCG - The Hindenburg of Power Companies... is it about to reinstate the dividend?,/r/wallstreetbets/comments/185df2c/pcg_the_hindenburg_of_power_companies_is_it_about/,0.9587
MET,0.9538,0.0,2023-12-08,METlife has a lot of room to grow,/r/wallstreetbets/comments/184pbek/metlife_has_a_lot_of_room_to_grow/,0.9538
BBY,0.9479,16.1143,2023-12-09,The New Bill Market will be spearheaded by Old Fashioned Brick and Motars!!!,/r/wallstreetbets/comments/184lqep/the_new_bill_market_will_be_spearheaded_by_old/,0.9479
JWN,0.9479,16.1143,2023-12-08,The New Bill Market will be spearheaded by Old Fashioned Brick and Motars!!!,/r/wallstreetbets/comments/184lqep/the_new_bill_market_will_be_spearheaded_by_old/,0.9479
PDD,0.91245,22.4101,2023-12-07,Down 5k all time to up 500 (5500) gain,/r/wallstreetbets/comments/188jj77/down_5k_all_time_to_up_500_5500_gain/,0.53065
PDD,0.91245,22.4101,2023-12-07,PDD is a great company and will keep growing. All of the haters just need to cope.,/r/wallstreetbets/comments/185yfxq/pdd_is_a_great_company_and_will_keep_growing_all/,0.3818
PPL,0.8944,0.0,2023-12-07,People bought TTWO cuz trailers; Warner discovery stock anyone? WBD in time for Dragon and gold eggs?,/r/wallstreetbets/comments/18cggqg/people_bought_ttwo_cuz_trailers_warner_discovery/,0.8944
BDC,0.87495,12.2493,2023-12-09,Dont be a Chad! Sometimes we have to seek Value! Prospect Capital PSEC insiders buying! CEO used own cash in September owns 73 million share,/r/wallstreetbets/comments/18akdap/dont_be_a_chad_sometimes_we_have_to_seek_value/,0.87495
RBLX,0.87495,12.2493,2023-12-07,Dont be a Chad! Sometimes we have to seek Value! Prospect Capital PSEC insiders buying! CEO used own cash in September owns 73 million share,/r/wallstreetbets/comments/18akdap/dont_be_a_chad_sometimes_we_have_to_seek_value/,0.87495
PSEC,0.87495,12.2493,2023-12-07,Dont be a Chad! Sometimes we have to seek Value! Prospect Capital PSEC insiders buying! CEO used own cash in September owns 73 million share,/r/wallstreetbets/comments/18akdap/dont_be_a_chad_sometimes_we_have_to_seek_value/,0.87495
COO,0.87495,12.2493,2023-12-09,Dont be a Chad! Sometimes we have to seek Value! Prospect Capital PSEC insiders buying! CEO used own cash in September owns 73 million share,/r/wallstreetbets/comments/18akdap/dont_be_a_chad_sometimes_we_have_to_seek_value/,0.87495
RTX,0.8474999999999999,195.70139999999998,2023-12-07,Early Morning Call On Defense Stocks As Warships Attacked In Middle East - PLTR (Palantir) - LHX - NOC - HWM - RTX,/r/wallstreetbets/comments/18aazrj/early_morning_call_on_defense_stocks_as_warships/,0.2616
RTX,0.8474999999999999,195.70139999999998,2023-12-07,Chinese have a workaround for the US government's newly imposed export rules  modified NVIDIA RTX 4090 cards serve as great AI accelerators,/r/wallstreetbets/comments/184kvt5/chinese_have_a_workaround_for_the_us_governments/,0.5859
CROX,0.82875,43.92375,2023-12-08,Wait! Another weekend? Another trade opportunity shared by Journalist: PAYPAL,/r/wallstreetbets/comments/189bg0i/wait_another_weekend_another_trade_opportunity/,0.82875
FT,0.8282,0.0,2023-12-08,Car Loans (as a FT trader),/r/wallstreetbets/comments/188s8vb/car_loans_as_a_ft_trader/,0.8282
REAL,0.7997000000000001,0.0,2023-12-07,HOOD is criminally undervalued,/r/wallstreetbets/comments/180uano/hood_is_criminally_undervalued/,0.7997000000000001
ADC,0.7932,10.3116,2023-12-09,Abbvie buying Immunogen. Still 10 away from buy price,/r/wallstreetbets/comments/188mmaw/abbvie_buying_immunogen_still_10_away_from_buy/,0.7932
BMO,0.7932,10.3116,2023-12-09,Abbvie buying Immunogen. Still 10 away from buy price,/r/wallstreetbets/comments/188mmaw/abbvie_buying_immunogen_still_10_away_from_buy/,0.7932
IMGN,0.7932,10.3116,2023-12-08,Abbvie buying Immunogen. Still 10 away from buy price,/r/wallstreetbets/comments/188mmaw/abbvie_buying_immunogen_still_10_away_from_buy/,0.7932
INTC,0.7914,35.67445,2023-12-08,ARMAll this stupid talk that Softbank is gonna dump is WRONG. This is softbanks Sees CandiesWarrenBuffetStyle. PT 65-70 coming; why?....,/r/wallstreetbets/comments/185p8ah/armall_this_stupid_talk_that_softbank_is_gonna/,0.06335000000000002
INTC,0.7914,35.67445,2023-12-08,Intel my fav lil bich,/r/wallstreetbets/comments/181yhc3/intel_my_fav_lil_bich/,0.72805
KO,0.7827500000000001,0.7827500000000001,2023-12-08,I believe if wen switched to partner with pep from KO it would be a win win,/r/wallstreetbets/comments/18d4k7s/i_believe_if_wen_switched_to_partner_with_pep/,0.7827500000000001
RKLB,0.78075,28.107000000000003,2023-12-07,40k play: Rocket Lab to the moon,/r/wallstreetbets/comments/18doly3/40k_play_rocket_lab_to_the_moon/,0.78075
UBER,0.7682,880.3572,2023-12-06,10K to 100K and then blew it all on a single trade twice in two months. Postmortem; next steps; and bonus photo from when I met JPow below,/r/wallstreetbets/comments/18eo4rr/10k_to_100k_and_then_blew_it_all_on_a_single/,0.7682
UBER,0.7682,880.3572,2023-12-06,UBER joins the SP500,/r/wallstreetbets/comments/188opn9/uber_joins_the_sp500/,0.0
ULCC,0.761,59.88145,2023-12-06,Summary of closing arguments from SpiritJetblue vs DOJ case.,/r/wallstreetbets/comments/18bpbfb/summary_of_closing_arguments_from_spiritjetblue/,-0.68435
ULCC,0.761,59.88145,2023-12-06,What happens to SAVE if JetBlue merger is blocked by DOJ?,/r/wallstreetbets/comments/18bjkra/what_happens_to_save_if_jetblue_merger_is_blocked/,0.64795
ULCC,0.761,59.88145,2023-12-06,SAVE info,/r/wallstreetbets/comments/1814ug9/save_info/,0.7974
RNP,0.75925,4.5555,2023-12-07,SPECIAL DATES IN MEDICAL HISTORY NEXT MONTH FDA DECISIONS Dec 8th 2023 FOR CRSP  Dec 20th 2023 FOR BLUE-Aprvd in UK Last Week.,/r/wallstreetbets/comments/185nelh/special_dates_in_medical_history_next_month_fda/,0.75925
BLUE,0.75925,4.5555,2023-12-09,SPECIAL DATES IN MEDICAL HISTORY NEXT MONTH FDA DECISIONS Dec 8th 2023 FOR CRSP  Dec 20th 2023 FOR BLUE-Aprvd in UK Last Week.,/r/wallstreetbets/comments/185nelh/special_dates_in_medical_history_next_month_fda/,0.75925
VRTX,0.75925,4.5555,2023-12-06,SPECIAL DATES IN MEDICAL HISTORY NEXT MONTH FDA DECISIONS Dec 8th 2023 FOR CRSP  Dec 20th 2023 FOR BLUE-Aprvd in UK Last Week.,/r/wallstreetbets/comments/185nelh/special_dates_in_medical_history_next_month_fda/,0.75925
FOUR,0.75925,4.5555,2023-12-08,SPECIAL DATES IN MEDICAL HISTORY NEXT MONTH FDA DECISIONS Dec 8th 2023 FOR CRSP  Dec 20th 2023 FOR BLUE-Aprvd in UK Last Week.,/r/wallstreetbets/comments/185nelh/special_dates_in_medical_history_next_month_fda/,0.75925
NINE,0.75925,4.5555,2023-12-07,SPECIAL DATES IN MEDICAL HISTORY NEXT MONTH FDA DECISIONS Dec 8th 2023 FOR CRSP  Dec 20th 2023 FOR BLUE-Aprvd in UK Last Week.,/r/wallstreetbets/comments/185nelh/special_dates_in_medical_history_next_month_fda/,0.75925
SPLK,0.7399,0.7399,2023-12-07,Stock Investments For Company Being Acquired,/r/wallstreetbets/comments/18bdg4s/stock_investments_for_company_being_acquired/,0.7399
SYM,0.72645,0.0,2023-12-07,Why I'm Long on SYM,/r/wallstreetbets/comments/18616fp/why_im_long_on_sym/,0.72645
ROKU,0.7151000000000001,220.05390000000003,2023-12-07,ANYBODY GOING TO SHORT ROKU ANYTIME SOON?,/r/wallstreetbets/comments/186u5jx/anybody_going_to_short_roku_anytime_soon/,-0.11879999999999999
ROKU,0.7151000000000001,220.05390000000003,2023-12-07,ROKU Calls Printin',/r/wallstreetbets/comments/1869d45/roku_calls_printin/,0.6808000000000001
ROKU,0.7151000000000001,220.05390000000003,2023-12-07,I'm now profitable on ROKU after 3 years of bagholding a 100K loss,/r/wallstreetbets/comments/185gsfv/im_now_profitable_on_roku_after_3_years_of/,0.1531
ETN,0.7096,7.2416,2023-12-08,XXXX (4x SP500) ETN Fee,/r/wallstreetbets/comments/18dd5q6/xxxx_4x_sp500_etn_fee/,0.4833
ETN,0.7096,7.2416,2023-12-08,'Is this a stock market; or a casino? New 4X leverage SP 500 ETN met with caution,/r/wallstreetbets/comments/18bj551/is_this_a_stock_market_or_a_casino_new_4x/,0.2263
ETN,0.7096,7.2416,2023-12-08,First Quadruple Leveraged SP 500 ETN Proposed,/r/wallstreetbets/comments/18bft3g/first_quadruple_leveraged_sp_500_etn_proposed/,0.0
NE,0.7034,7.034000000000001,2023-12-07,NE  Late Wednesday YOLO wright before Noble Corporation announce H. Keith Jennings to serve as a new director,/r/wallstreetbets/comments/181mk8w/ne_late_wednesday_yolo_wright_before_noble/,0.7034
WTI,0.6947,194.8579,2023-12-06,Congratulations OPEC on your latest production cut (WTI down 2.5),/r/wallstreetbets/comments/187xnon/congratulations_opec_on_your_latest_production/,0.4215
WTI,0.6947,194.8579,2023-12-06,Occidental OXY; WT WTI; and Talos Energy TALOS Oil Spill,/r/wallstreetbets/comments/185z7gf/occidental_oxy_wt_wti_and_talos_energy_talos_oil/,0.2732
COP,0.6909000000000001,9.672600000000001,2023-12-09,Long Exxon?,/r/wallstreetbets/comments/18c8u7u/long_exxon/,0.6909000000000001
GDHG,0.6795,1.359,2023-12-08,GDHG: Ready to take off?,/r/wallstreetbets/comments/185q3kw/gdhg_ready_to_take_off/,0.6795
HA,0.65775,23.02125,2023-12-08,Made 200k on HA Monday,/r/wallstreetbets/comments/18cypu8/made_200k_on_ha_monday/,0.65775
ARR,0.6478,11.660400000000001,2023-12-09,CRWD Earnings Alert: Everything you need to know,/r/wallstreetbets/comments/1865z5q/crwd_earnings_alert_everything_you_need_to_know/,0.6478
AORT,0.6369,3.8214,2023-12-09,AORT Potential,/r/wallstreetbets/comments/1856l3z/aort_potential/,0.6369
CARE,0.61265,25.118650000000002,2023-12-09,Fisker is worth more than 2 months of deliveries.,/r/wallstreetbets/comments/186cibo/fisker_is_worth_more_than_2_months_of_deliveries/,0.61265
PYPL,0.60625,64.26249999999999,2023-12-07,PayPal (PYPL) Has a Compelling Case,/r/wallstreetbets/comments/18c4qlt/paypal_pypl_has_a_compelling_case/,0.60625
SPOT,0.5859,136.5147,2023-12-07,SPOT,/r/wallstreetbets/comments/18apmvb/spot/,0.5859
HP,0.5744,10.9136,2023-12-08,What's the verdict on DELL's earnings tonight guys?,/r/wallstreetbets/comments/187nl2x/whats_the_verdict_on_dells_earnings_tonight_guys/,0.5744
GD,0.5615,237.5145,2023-12-08,Lost all my profits after being Hospitalized. Almost gave up. 3 months and back on top.,/r/wallstreetbets/comments/18781p3/lost_all_my_profits_after_being_hospitalized/,0.5615
EXR,0.5418499999999999,0.0,2023-12-08,So one of my long term holds has entered a trading halt for the day; should this be concerning?,/r/wallstreetbets/comments/18b5n9i/so_one_of_my_long_term_holds_has_entered_a/,0.5418499999999999
TEAM,0.5362,4.8258,2023-12-07,Atlassian (TEAM) large insider selling; over 600 million this year,/r/wallstreetbets/comments/1878ayh/atlassian_team_large_insider_selling_over_600/,0.5362
UPS,0.5293,971.2655,2023-12-06,Amazon now delivers more packages than FedEx and UPS in the US,/r/wallstreetbets/comments/185fhuq/amazon_now_delivers_more_packages_than_fedex_and/,0.5293
QS,0.5267,2.1068,2023-12-07,Nov; 20th Gain on Quantumscape (QS),/r/wallstreetbets/comments/186r1t7/nov_20th_gain_on_quantumscape_qs/,0.5267
GAIN,0.5267,13.167499999999999,2023-12-08,ESTC GAIN,/r/wallstreetbets/comments/188pk11/estc_gain/,0.5267
TDOC,0.5267,0.5267,2023-12-07,TDOC about to fill gap at 20.50? Possible 7 gain from 18.99 level,/r/wallstreetbets/comments/18cyaen/tdoc_about_to_fill_gap_at_2050_possible_7_gain/,0.5267
TLRY,0.5106,39.3162,2023-12-06,"MSOS TLRY - ""Cannabis legalization is inevitable; says policy analystwhat to know before you invest"" - CNBC",/r/wallstreetbets/comments/1869yno/msos_tlry_cannabis_legalization_is_inevitable/,0.0
TLRY,0.5106,39.3162,2023-12-06,"MSOS TLRY CURLF - ""German Lawmakers Reach Agreement On Revised Marijuana Legalization Bill; With Final Vote Expected Next Week""",/r/wallstreetbets/comments/185bjtw/msos_tlry_curlf_german_lawmakers_reach_agreement/,0.5106
BP,0.5037,9.570300000000001,2023-12-09,BA Yolo update - Withdrew 15k to pay off student debt and buy Christmas gifts. Did I sell more? Nah used the rest of my BP for more calls.,/r/wallstreetbets/comments/18chcxt/ba_yolo_update_withdrew_15k_to_pay_off_student/,0.5037
GLAD,0.5036,173.2384,2023-12-08,A War Has Broken Out and We Can Now Spectate  Profit Upon The Splendor of What Happens When Very Rich People Fuck With Each Other,/r/wallstreetbets/comments/188u1k7/a_war_has_broken_out_and_we_can_now_spectate/,0.5036
BOX,0.4939,27.1645,2023-12-09,SAVE BOX OR BUGATTI,/r/wallstreetbets/comments/186wt0v/save_box_or_bugatti/,0.4939
PLAY,0.48804999999999993,8.537349999999996,2023-12-07,TLT Options Play  FED Cut Early Mid 24?  Vix Low,/r/wallstreetbets/comments/18dgd24/tlt_options_play_fed_cut_early_mid_24_vix_low/,0.39485
PLAY,0.48804999999999993,8.537349999999996,2023-12-07,CAVA  DECEMBER SHORT PLAY (Potential Crash andor Death Spiral),/r/wallstreetbets/comments/18d0g1y/cava_december_short_play_potential_crash_andor/,0.09319999999999995
MSTR,0.48374999999999996,12.862299999999998,2023-12-07,Gain porn MSTR,/r/wallstreetbets/comments/18bs61w/gain_porn_mstr/,0.5267
MSTR,0.48374999999999996,12.862299999999998,2023-12-07,Binance Directly Manipulated Asset PricesVolume Via Wash Sales Through Its Subsidiaries,/r/wallstreetbets/comments/181zl1g/binance_directly_manipulated_asset_pricesvolume/,-0.04295
BTM,0.46675,2.33375,2023-12-09,BTM - Gross Profit Last Quarter 27MIL... Market Cap 29 MIL,/r/wallstreetbets/comments/1866t0a/btm_gross_profit_last_quarter_27mil_market_cap_29/,0.46675
AFRM,0.46429999999999993,178.5339,2023-12-09,AFRM YOLO ! Millionaire or Loser,/r/wallstreetbets/comments/18dnr9o/afrm_yolo_millionaire_or_loser/,-0.2165
AFRM,0.46429999999999993,178.5339,2023-12-09,By now pay later orders up by 72 this Black Friday. 79m more revenue. Does AFRM moon tomorrow?,/r/wallstreetbets/comments/184ryun/by_now_pay_later_orders_up_by_72_this_black/,0.6808
FL,0.45855,2.29275,2023-12-08,Thanks papa Powell,/r/wallstreetbets/comments/188uf2t/thanks_papa_powell/,0.45855
BABA,0.45535000000000003,348.38520000000005,2023-12-09,10K to 100K and then blew it all on a single trade twice in two months. Postmortem; next steps; and bonus photo from when I met JPow below,/r/wallstreetbets/comments/18eo4rr/10k_to_100k_and_then_blew_it_all_on_a_single/,0.7682
BABA,0.45535000000000003,348.38520000000005,2023-12-09,Trying to recoup my loss: Day 1,/r/wallstreetbets/comments/18dyfb7/trying_to_recoup_my_loss_day_1/,0.2781
BABA,0.45535000000000003,348.38520000000005,2023-12-09,Bought COIN puts yesterday and sold them just now; 25K. And wish I had gotten out of BABA and PLTR yesterday but Im bad at cutting losses,/r/wallstreetbets/comments/18cdbhf/bought_coin_puts_yesterday_and_sold_them_just_now/,-0.9042
BABA,0.45535000000000003,348.38520000000005,2023-12-09,Sold TSLA calls at the peak this morning; 22K. Gains all due to me liking cyber truck videos on YouTube. Getting out of BABA and PLTR soon,/r/wallstreetbets/comments/18bj0mo/sold_tsla_calls_at_the_peak_this_morning_22k/,0.8779
BABA,0.45535000000000003,348.38520000000005,2023-12-09,BABA today hit a new 52-week low. This is ridiculous.,/r/wallstreetbets/comments/188hg9t/baba_today_hit_a_new_52week_low_this_is_ridiculous/,-0.56465
RIOT,0.4511,17.1418,2023-12-07,9 reasons for the Dec 1 13 calls on RIOT,/r/wallstreetbets/comments/184ib3d/9_reasons_for_the_dec_1_13_calls_on_riot/,0.4511
NVO,0.4199,2.0995,2023-12-07,Except NVO has started a red revolution with my 105 calls; it's bad!,/r/wallstreetbets/comments/186luge/except_nvo_has_started_a_red_revolution_with_my/,0.4199
ARM,0.41835000000000006,-64.64945000000003,2023-12-09,ARM - Capitalize off the Rug Pull,/r/wallstreetbets/comments/18epnv1/arm_capitalize_off_the_rug_pull/,0.9977
ARM,0.41835000000000006,-64.64945000000003,2023-12-09,ARM put thesis,/r/wallstreetbets/comments/18eiaj5/arm_put_thesis/,-0.76545
ARM,0.41835000000000006,-64.64945000000003,2023-12-09,ARMAll this stupid talk that Softbank is gonna dump is WRONG. This is softbanks Sees CandiesWarrenBuffetStyle. PT 65-70 coming; why?....,/r/wallstreetbets/comments/185p8ah/armall_this_stupid_talk_that_softbank_is_gonna/,0.06335000000000002
ARM,0.41835000000000006,-64.64945000000003,2023-12-09,Wall Street is telling you to sell NVDA,/r/wallstreetbets/comments/183voxn/wall_street_is_telling_you_to_sell_nvda/,0.12274999999999997
JAN,0.39485,4.34335,2023-12-08,TLT Options Play  FED Cut Early Mid 24?  Vix Low,/r/wallstreetbets/comments/18dgd24/tlt_options_play_fed_cut_early_mid_24_vix_low/,0.39485
PRO,0.39485,4.34335,2023-12-07,TLT Options Play  FED Cut Early Mid 24?  Vix Low,/r/wallstreetbets/comments/18dgd24/tlt_options_play_fed_cut_early_mid_24_vix_low/,0.39485
PARA,0.3755,11.6405,2023-12-07,Paramount and Apple teaming Up?,/r/wallstreetbets/comments/188bdh8/paramount_and_apple_teaming_up/,0.3755
DDD,0.36619999999999997,111.3248,2023-12-08,Is it time to buy 3D printing stocks while the hype has long but died out?,/r/wallstreetbets/comments/183ix8k/is_it_time_to_buy_3d_printing_stocks_while_the/,0.36619999999999997
SSYS,0.36619999999999997,111.3248,2023-12-07,Is it time to buy 3D printing stocks while the hype has long but died out?,/r/wallstreetbets/comments/183ix8k/is_it_time_to_buy_3d_printing_stocks_while_the/,0.36619999999999997
NC,0.35135000000000005,1.7567500000000003,2023-12-07,PENN - Am I missing something?,/r/wallstreetbets/comments/18etail/penn_am_i_missing_something/,0.35135000000000005
DKNG,0.35135000000000005,1.7567500000000003,2023-12-08,PENN - Am I missing something?,/r/wallstreetbets/comments/18etail/penn_am_i_missing_something/,0.35135000000000005
MGM,0.35135000000000005,1.7567500000000003,2023-12-08,PENN - Am I missing something?,/r/wallstreetbets/comments/18etail/penn_am_i_missing_something/,0.35135000000000005
PENN,0.35135000000000005,1.7567500000000003,2023-12-07,PENN - Am I missing something?,/r/wallstreetbets/comments/18etail/penn_am_i_missing_something/,0.35135000000000005
GIS,0.33845000000000003,9.138150000000001,2023-12-08,DD Kellogg KLG - Mega potential (x4) for those with less severe ADD,/r/wallstreetbets/comments/189bdo1/dd_kellogg_klg_mega_potential_x4_for_those_with/,0.33845000000000003
KLG,0.33845000000000003,9.138150000000001,2023-12-08,DD Kellogg KLG - Mega potential (x4) for those with less severe ADD,/r/wallstreetbets/comments/189bdo1/dd_kellogg_klg_mega_potential_x4_for_those_with/,0.33845000000000003
CPB,0.33845000000000003,9.138150000000001,2023-12-09,DD Kellogg KLG - Mega potential (x4) for those with less severe ADD,/r/wallstreetbets/comments/189bdo1/dd_kellogg_klg_mega_potential_x4_for_those_with/,0.33845000000000003
MDLZ,0.33845000000000003,9.138150000000001,2023-12-08,DD Kellogg KLG - Mega potential (x4) for those with less severe ADD,/r/wallstreetbets/comments/189bdo1/dd_kellogg_klg_mega_potential_x4_for_those_with/,0.33845000000000003
WK,0.33845000000000003,9.138150000000001,2023-12-06,DD Kellogg KLG - Mega potential (x4) for those with less severe ADD,/r/wallstreetbets/comments/189bdo1/dd_kellogg_klg_mega_potential_x4_for_those_with/,0.33845000000000003
PEP,0.33845000000000003,9.138150000000001,2023-12-07,DD Kellogg KLG - Mega potential (x4) for those with less severe ADD,/r/wallstreetbets/comments/189bdo1/dd_kellogg_klg_mega_potential_x4_for_those_with/,0.33845000000000003
ADD,0.33845000000000003,9.138150000000001,2023-12-09,DD Kellogg KLG - Mega potential (x4) for those with less severe ADD,/r/wallstreetbets/comments/189bdo1/dd_kellogg_klg_mega_potential_x4_for_those_with/,0.33845000000000003
BA,0.3179500000000002,25.021300000000004,2023-12-09,BA - The first 100;000 is a bi; but you gotta do it. After that you ride till Lambo or Accord.,/r/wallstreetbets/comments/18dy0en/ba_the_first_100000_is_a_bi_but_you_gotta_do_it/,0.0
BA,0.3179500000000002,25.021300000000004,2023-12-09,Diamond Hands  BA,/r/wallstreetbets/comments/18douh9/diamond_hands_ba/,0.34
BA,0.3179500000000002,25.021300000000004,2023-12-09,BA Yolo update - Withdrew 15k to pay off student debt and buy Christmas gifts. Did I sell more? Nah used the rest of my BP for more calls.,/r/wallstreetbets/comments/18chcxt/ba_yolo_update_withdrew_15k_to_pay_off_student/,0.5037
BA,0.3179500000000002,25.021300000000004,2023-12-09,BA Yolo - Haters GFY,/r/wallstreetbets/comments/18bsb71/ba_yolo_haters_gfy/,-0.5257499999999999
DOCU,0.28300000000000003,27.451000000000004,2023-12-08,More gains YTD. 140K to go.,/r/wallstreetbets/comments/18dtztk/more_gains_ytd_140k_to_go/,0.28300000000000003
DOCU,0.28300000000000003,27.451000000000004,2023-12-08,The Case for DOCU (DocuSign),/r/wallstreetbets/comments/18btjnx/the_case_for_docu_docusign/,0.0
AVGO,0.28300000000000003,27.451000000000004,2023-12-09,More gains YTD. 140K to go.,/r/wallstreetbets/comments/18dtztk/more_gains_ytd_140k_to_go/,0.28300000000000003
PDT,0.2781,43.3836,2023-12-07,Trying to recoup my loss: Day 1,/r/wallstreetbets/comments/18dyfb7/trying_to_recoup_my_loss_day_1/,0.2781
WT,0.2732,0.5464,2023-12-06,Occidental OXY; WT WTI; and Talos Energy TALOS Oil Spill,/r/wallstreetbets/comments/185z7gf/occidental_oxy_wt_wti_and_talos_energy_talos_oil/,0.2732
OXY,0.2732,0.5464,2023-12-07,Occidental OXY; WT WTI; and Talos Energy TALOS Oil Spill,/r/wallstreetbets/comments/185z7gf/occidental_oxy_wt_wti_and_talos_energy_talos_oil/,0.2732
NOC,0.2616,2.3544,2023-12-07,Early Morning Call On Defense Stocks As Warships Attacked In Middle East - PLTR (Palantir) - LHX - NOC - HWM - RTX,/r/wallstreetbets/comments/18aazrj/early_morning_call_on_defense_stocks_as_warships/,0.2616
HWM,0.2616,2.3544,2023-12-08,Early Morning Call On Defense Stocks As Warships Attacked In Middle East - PLTR (Palantir) - LHX - NOC - HWM - RTX,/r/wallstreetbets/comments/18aazrj/early_morning_call_on_defense_stocks_as_warships/,0.2616
LHX,0.2616,2.3544,2023-12-08,Early Morning Call On Defense Stocks As Warships Attacked In Middle East - PLTR (Palantir) - LHX - NOC - HWM - RTX,/r/wallstreetbets/comments/18aazrj/early_morning_call_on_defense_stocks_as_warships/,0.2616
RTO,0.25625000000000003,0.0,2023-12-07,AWS Can't Compete in Cloud so Now Is Openly Attacking Microsoft,/r/wallstreetbets/comments/187j410/aws_cant_compete_in_cloud_so_now_is_openly/,0.25625000000000003
AG,0.19945000000000002,507.20135000000005,2023-12-09,Elon Musk goes off on Disney CEO Bob Iger; says he should be 'fired immediately',/r/wallstreetbets/comments/18d1ifi/elon_musk_goes_off_on_disney_ceo_bob_iger_says_he/,0.19945000000000002
CPNG,0.17915000000000003,3.7621500000000005,2023-12-08,Softbank sell 460 million shares in Coupang (CPNG),/r/wallstreetbets/comments/188vi4v/softbank_sell_460_million_shares_in_coupang_cpng/,0.17915000000000003
TKO,0.1779,1.0674000000000001,2023-12-07,Going Private: Whats Next for Ari Emanuel; TKO; WME and Other Assets as Silver Lake Makes its Move,/r/wallstreetbets/comments/186ss4l/going_private_whats_next_for_ari_emanuel_tko_wme/,0.1779
LLY,0.1492,48.9376,2023-12-08,Extremely bullish for LLY as their drugs will literally solve obesity based pay disparity- lmfao what an article. Thank you Economist,/r/wallstreetbets/comments/183qr7j/extremely_bullish_for_lly_as_their_drugs_will/,0.1492
WBD,0.14549999999999996,-2.9956,2023-12-06,People bought TTWO cuz trailers; Warner discovery stock anyone? WBD in time for Dragon and gold eggs?,/r/wallstreetbets/comments/18cggqg/people_bought_ttwo_cuz_trailers_warner_discovery/,0.8944
WBD,0.14549999999999996,-2.9956,2023-12-06,Cash App has wildly inaccurate information,/r/wallstreetbets/comments/18c1hqq/cash_app_has_wildly_inaccurate_information/,-0.7489
PLNT,0.12119999999999997,0.3635999999999999,2023-12-07,Club Pilates; Pure Barre Owners Say Xponential (XPOF) Left Them Bankrupt,/r/wallstreetbets/comments/18dub25/club_pilates_pure_barre_owners_say_xponential/,0.12119999999999997
XPOF,0.12119999999999997,0.3635999999999999,2023-12-06,Club Pilates; Pure Barre Owners Say Xponential (XPOF) Left Them Bankrupt,/r/wallstreetbets/comments/18dub25/club_pilates_pure_barre_owners_say_xponential/,0.12119999999999997
LDI,0.10775000000000001,1.0775000000000001,2023-12-08,Loan Depot - LDI - The mortgage sleeper ready to make,/r/wallstreetbets/comments/18c8m8y/loan_depot_ldi_the_mortgage_sleeper_ready_to_make/,0.10775000000000001
XOM,0.1005,1.8090000000000002,2023-12-06,anyone eyeing Oil and tickers inverse to rate cuts?,/r/wallstreetbets/comments/18eraxq/anyone_eyeing_oil_and_tickers_inverse_to_rate_cuts/,0.1005
SG,0.09319999999999995,4.193999999999997,2023-12-07,CAVA  DECEMBER SHORT PLAY (Potential Crash andor Death Spiral),/r/wallstreetbets/comments/18d0g1y/cava_december_short_play_potential_crash_andor/,0.09319999999999995
AAL,0.0814,0.2442,2023-12-10,Long Airline stocks Jets AAL UAL as of today,/r/wallstreetbets/comments/186rw7p/long_airline_stocks_jets_aal_ual_as_of_today/,0.0814
UAL,0.0814,0.2442,2023-12-06,Long Airline stocks Jets AAL UAL as of today,/r/wallstreetbets/comments/186rw7p/long_airline_stocks_jets_aal_ual_as_of_today/,0.0814
LINK,0.06335000000000002,0.0,2023-12-08,ARMAll this stupid talk that Softbank is gonna dump is WRONG. This is softbanks Sees CandiesWarrenBuffetStyle. PT 65-70 coming; why?....,/r/wallstreetbets/comments/185p8ah/armall_this_stupid_talk_that_softbank_is_gonna/,0.06335000000000002
NXP,0.06335000000000002,0.0,2023-12-07,ARMAll this stupid talk that Softbank is gonna dump is WRONG. This is softbanks Sees CandiesWarrenBuffetStyle. PT 65-70 coming; why?....,/r/wallstreetbets/comments/185p8ah/armall_this_stupid_talk_that_softbank_is_gonna/,0.06335000000000002
SNAP,0.004750000000000032,5.799750000000039,2023-12-07,Fuck SNAP; fuck this clown world and fuck this clown market,/r/wallstreetbets/comments/18c5vj0/fuck_snap_fuck_this_clown_world_and_fuck_this/,0.004750000000000032
MCD,0.0,0.0,2023-12-08,It's a sign from VisualMod. Call or Puts on MCD?,/r/wallstreetbets/comments/184x3pp/its_a_sign_from_visualmod_call_or_puts_on_mcd/,0.0
AMC,0.0,0.0,2023-12-09,Zacks AMC Analysis,/r/wallstreetbets/comments/181ep9h/zacks_amc_analysis/,0.0
NFLX,0.0,0.0,2023-12-07,Should have bought NFLX the last time I used the Netflix App,/r/wallstreetbets/comments/18661um/should_have_bought_nflx_the_last_time_i_used_the/,0.0
HUT,0.0,0.0,2023-12-08,HUT Stock: Hut 8 Completes U.S. Bitcoin Merger After 400 Rally,/r/wallstreetbets/comments/18bl72f/hut_stock_hut_8_completes_us_bitcoin_merger_after/,0.0
GPS,0.0,0.0,2023-12-08,anyone pull bags on GPS??,/r/wallstreetbets/comments/18dwrpz/anyone_pull_bags_on_gps/,0.0
PATH,0.0,0.0,2023-12-07,PATH,/r/wallstreetbets/comments/18dy4hg/path/,0.0
PSTG,0.0,0.0,2023-12-07,Those who invested in Pure Storage (NYSE:PSTG) five years ago are up 108,/r/wallstreetbets/comments/185ahdk/those_who_invested_in_pure_storage_nysepstg_five/,0.0
CAVA,-0.008100000000000052,110.814,2023-12-09,Is CAVA dumping this month?!?,/r/wallstreetbets/comments/18d0h3f/is_cava_dumping_this_month/,-0.4501
CAVA,-0.008100000000000052,110.814,2023-12-09,CAVA  DECEMBER SHORT PLAY (Potential Crash andor Death Spiral),/r/wallstreetbets/comments/18d0g1y/cava_december_short_play_potential_crash_andor/,0.09319999999999995
CAVA,-0.008100000000000052,110.814,2023-12-09,I gave you UPST yesterday .up over 20 today !! So hear me out on this next play .short CAVA and heres why,/r/wallstreetbets/comments/188qi3e/i_gave_you_upst_yesterday_up_over_20_today_so/,0.3488
SPCE,-0.0094,-0.19740000000000002,2023-12-07,SPCE,/r/wallstreetbets/comments/18bikut/spce/,-0.0094
HOOD,-0.02884999999999993,-7.648549999999999,2023-12-08,HOOD,/r/wallstreetbets/comments/18dwebq/hood/,-0.2057
HOOD,-0.02884999999999993,-7.648549999999999,2023-12-08,Would this be considered classic Kramer move? Google sold HOOD before the rally; like Toyota sold Tesla 2017 before the 1100 rip.,/r/wallstreetbets/comments/18d6p87/would_this_be_considered_classic_kramer_move/,-0.050949999999999995
HOOD,-0.02884999999999993,-7.648549999999999,2023-12-08,Notice all the hate on HOOD lately? This TA showing me it's about to go up. Notice the gap up from a couple days ago; and consolidation -,/r/wallstreetbets/comments/188dyo0/notice_all_the_hate_on_hood_lately_this_ta/,-0.5719
HOOD,-0.02884999999999993,-7.648549999999999,2023-12-08,HOOD is criminally undervalued,/r/wallstreetbets/comments/180uano/hood_is_criminally_undervalued/,0.7997000000000001
AGI,-0.04785000000000006,30.8246,2023-12-09,AGI Has a Drinking Problem,/r/wallstreetbets/comments/18c542p/agi_has_a_drinking_problem/,0.009200000000000014
AGI,-0.04785000000000006,30.8246,2023-12-09,Sell MSFT,/r/wallstreetbets/comments/1841pr3/sell_msft/,-0.7574000000000001
AGI,-0.04785000000000006,30.8246,2023-12-09,I'm YOLOing into MSFT. Here's my DD that convinced me,/r/wallstreetbets/comments/180rzxf/im_yoloing_into_msft_heres_my_dd_that_convinced_me/,0.70035
GERN,-0.1306,-1.4365999999999999,2023-12-08,Have been sitting on GERN for a while (waiting on their one and only drug to finally come to market),/r/wallstreetbets/comments/181kvw4/have_been_sitting_on_gern_for_a_while_waiting_on/,-0.1306
GOOGL,-0.1321,-195.38245,2023-12-08,Google's best Gemini demo was faked. PUTS on GOOGL,/r/wallstreetbets/comments/18duyfd/googles_best_gemini_demo_was_faked_puts_on_googl/,-0.368
GOOGL,-0.1321,-195.38245,2023-12-08,Arbitraging the AI potential misspriced in some stocks that will become the leaders,/r/wallstreetbets/comments/18cwbiq/arbitraging_the_ai_potential_misspriced_in_some/,0.9931
GOOGL,-0.1321,-195.38245,2023-12-08,ARMAll this stupid talk that Softbank is gonna dump is WRONG. This is softbanks Sees CandiesWarrenBuffetStyle. PT 65-70 coming; why?....,/r/wallstreetbets/comments/185p8ah/armall_this_stupid_talk_that_softbank_is_gonna/,0.06335000000000002
GOOGL,-0.1321,-195.38245,2023-12-08,1700 gain on my option and Im still losing money.. I suck so bad at this.,/r/wallstreetbets/comments/180yzm7/1700_gain_on_my_option_and_im_still_losing_money/,-0.82055
CHWY,-0.15700000000000003,8.7194,2023-12-09,What's the verdict on DELL's earnings tonight guys?,/r/wallstreetbets/comments/187nl2x/whats_the_verdict_on_dells_earnings_tonight_guys/,0.5744
CHWY,-0.15700000000000003,8.7194,2023-12-09,Why did CHWY drop 9 today?,/r/wallstreetbets/comments/185ga39/why_did_chwy_drop_9_today/,-0.7314
ELSE,-0.16535,-11.40915,2023-12-08,UPDATE: META GUY HIS WEEK JUST GETS WORST... GUESS WHAT ELSE RECOVERED?,/r/wallstreetbets/comments/18d5so7/update_meta_guy_his_week_just_gets_worst_guess/,-0.16535
WMT,-0.22139999999999993,-16.4988,2023-12-06,Shorting Walmart?,/r/wallstreetbets/comments/18587z2/shorting_walmart/,-0.8583
WMT,-0.22139999999999993,-16.4988,2023-12-06,Gail causes WMT stock to crumble,/r/wallstreetbets/comments/184v6ir/gail_causes_wmt_stock_to_crumble/,0.6369
METCL,-0.2218,-1.3308,2023-12-08,Ramaco Resources,/r/wallstreetbets/comments/187u94g/ramaco_resources/,-0.2218
METCB,-0.2218,-1.3308,2023-12-08,Ramaco Resources,/r/wallstreetbets/comments/187u94g/ramaco_resources/,-0.2218
WY,-0.2218,-1.3308,2023-12-06,Ramaco Resources,/r/wallstreetbets/comments/187u94g/ramaco_resources/,-0.2218
METC,-0.2218,-1.3308,2023-12-08,Ramaco Resources,/r/wallstreetbets/comments/187u94g/ramaco_resources/,-0.2218
DIS,-0.27309999999999995,-19.492299999999997,2023-12-08,Paramount and Apple teaming Up?,/r/wallstreetbets/comments/188bdh8/paramount_and_apple_teaming_up/,0.3755
DIS,-0.27309999999999995,-19.492299999999997,2023-12-08,DIS: this is now what is going to happen,/r/wallstreetbets/comments/187lg5m/dis_this_is_now_what_is_going_to_happen/,-0.6486
AAOI,-0.2748,-5.4959999999999996,2023-12-10,bought AAOI 3 month ago at 14.80; went down as usual but finally no loss and sold at 15.30 on wednesday to gtfo. Of course now at 16.45,/r/wallstreetbets/comments/188r675/bought_aaoi_3_month_ago_at_1480_went_down_as/,-0.2748
FUBO,-0.4215,-120.9705,2023-12-08,I think Ill just hold FUBO forever.,/r/wallstreetbets/comments/18cn6uo/i_think_ill_just_hold_fubo_forever/,-0.4215
III,-0.68435,-8.89655,2023-12-08,Summary of closing arguments from SpiritJetblue vs DOJ case.,/r/wallstreetbets/comments/18bpbfb/summary_of_closing_arguments_from_spiritjetblue/,-0.68435
ELF,-0.6910000000000001,-102.26800000000001,2023-12-08,What's an example of a stock you regret selling too soon?,/r/wallstreetbets/comments/188jhbg/whats_an_example_of_a_stock_you_regret_selling/,-0.6910000000000001
TIL,-0.7236,-4633.9344,2023-12-07,TIL Baby Boomers hold 21 trillion worth of STOCKS. What will happen when they die? Will their survivors cash out and crash the market?,/r/wallstreetbets/comments/18e7i4k/til_baby_boomers_hold_21_trillion_worth_of_stocks/,-0.7236
DWAC,-0.772,-23.932,2023-12-08,Puts on Devin Nunes' and DJT's failure jamboree,/r/wallstreetbets/comments/188l05e/puts_on_devin_nunes_and_djts_failure_jamboree/,0.04854999999999998
DWAC,-0.772,-23.932,2023-12-08,1700 gain on my option and Im still losing money.. I suck so bad at this.,/r/wallstreetbets/comments/180yzm7/1700_gain_on_my_option_and_im_still_losing_money/,-0.82055
MS,-0.8181,-5.7267,2023-12-07,Tgtx been holding from 7-35-15,/r/wallstreetbets/comments/18by1ev/tgtx_been_holding_from_73515/,-0.8181
NGL,-0.8409,-94.1808,2023-12-07,Men's Underwear suffers worst Black Friday since 2012. Hanebrands puts??,/r/wallstreetbets/comments/1857dw1/mens_underwear_suffers_worst_black_friday_since/,-0.8409
AR,-0.922,0.0,2023-12-09,NVDA is cooking their books. And so are others.,/r/wallstreetbets/comments/181snlr/nvda_is_cooking_their_books_and_so_are_others/,-0.922
TX,-0.9511,-6.657699999999999,2023-12-06,Shorting select Argentinian companies,/r/wallstreetbets/comments/185f4oj/shorting_select_argentinian_companies/,-0.9511
TGS,-0.9511,-6.657699999999999,2023-12-07,Shorting select Argentinian companies,/r/wallstreetbets/comments/185f4oj/shorting_select_argentinian_companies/,-0.9511
PAM,-0.9511,-6.657699999999999,2023-12-07,Shorting select Argentinian companies,/r/wallstreetbets/comments/185f4oj/shorting_select_argentinian_companies/,-0.9511
CEPU,-0.9511,-6.657699999999999,2023-12-09,Shorting select Argentinian companies,/r/wallstreetbets/comments/185f4oj/shorting_select_argentinian_companies/,-0.9511
EDN,-0.9511,-6.657699999999999,2023-12-08,Shorting select Argentinian companies,/r/wallstreetbets/comments/185f4oj/shorting_select_argentinian_companies/,-0.9511
LOMA,-0.9511,-6.657699999999999,2023-12-08,Shorting select Argentinian companies,/r/wallstreetbets/comments/185f4oj/shorting_select_argentinian_companies/,-0.9511
TEO,-0.9511,-6.657699999999999,2023-12-07,Shorting select Argentinian companies,/r/wallstreetbets/comments/185f4oj/shorting_select_argentinian_companies/,-0.9511
SUPV,-0.9511,-6.657699999999999,2023-12-07,Shorting select Argentinian companies,/r/wallstreetbets/comments/185f4oj/shorting_select_argentinian_companies/,-0.9511
BMA,-0.9511,-6.657699999999999,2023-12-09,Shorting select Argentinian companies,/r/wallstreetbets/comments/185f4oj/shorting_select_argentinian_companies/,-0.9511
BBVA,-0.9511,-6.657699999999999,2023-12-09,Shorting select Argentinian companies,/r/wallstreetbets/comments/185f4oj/shorting_select_argentinian_companies/,-0.9511
NOV,-0.9511,-6.657699999999999,2023-12-07,Shorting select Argentinian companies,/r/wallstreetbets/comments/185f4oj/shorting_select_argentinian_companies/,-0.9511
YPF,-0.9511,-6.657699999999999,2023-12-06,Shorting select Argentinian companies,/r/wallstreetbets/comments/185f4oj/shorting_select_argentinian_companies/,-0.9511
DHI,-1.3018,-45.7194,2023-12-08,Did Warren Buffett make a mistake? BUY DHI PUTS.,/r/wallstreetbets/comments/18cz9ap/did_warren_buffett_make_a_mistake_buy_dhi_puts/,-0.5934
DHI,-1.3018,-45.7194,2023-12-08,Bhutan Built A Bitcoin Mine On The Site Of Its Failed Education City,/r/wallstreetbets/comments/18c7oij/bhutan_built_a_bitcoin_mine_on_the_site_of_its/,-0.7084
